kernel,shape,dtype,kernel_ms,gb_s,gb,tflops
rmsnorm_fwd,"(128, 512)",torch.float32,0.001943060000000005,270.8799522402801,0.000526336,
rmsnorm_fwd,"(128, 512)",torch.bfloat16,0.002005749999999996,131.20678050604536,0.000263168,
rmsnorm_fwd,"(128, 512)",torch.float16,0.002005759999999975,131.20612635609606,0.000263168,
rmsnorm_fwd,"(256, 512)",torch.float32,0.0019625799999999846,535.3279866298485,0.001050624,
rmsnorm_fwd,"(256, 512)",torch.bfloat16,0.002006389999999974,261.81948673986955,0.000525312,
rmsnorm_fwd,"(256, 512)",torch.float16,0.002008660000000025,261.5236027998733,0.000525312,
rmsnorm_fwd,"(64, 1024)",torch.float32,0.0020797399999999853,254.06252704665187,0.000528384,
rmsnorm_fwd,"(64, 1024)",torch.bfloat16,0.002057589999999984,128.39875777001348,0.000264192,
rmsnorm_fwd,"(64, 1024)",torch.float16,0.002051840000000027,128.75857766687292,0.000264192,
rmsnorm_fwd,"(128, 1024)",torch.float32,0.002111349999999998,498.577687261705,0.001052672,
rmsnorm_fwd,"(128, 1024)",torch.bfloat16,0.0020834699999999914,252.62470781916812,0.000526336,
rmsnorm_fwd,"(128, 1024)",torch.float16,0.0020800500000000117,253.04007115213435,0.000526336,
rmsnorm_fwd,"(512, 512)",torch.float32,0.002078090000000009,1010.1583665769965,0.0020992,
rmsnorm_fwd,"(512, 512)",torch.bfloat16,0.0020076700000000026,522.7950808648824,0.0010496,
rmsnorm_fwd,"(512, 512)",torch.float16,0.0020105700000000097,522.0410132449977,0.0010496,
rmsnorm_fwd,"(1024, 512)",torch.float32,0.002351960000000012,1784.1936087348338,0.004196352,
rmsnorm_fwd,"(1024, 512)",torch.bfloat16,0.002020479999999994,1038.454228698134,0.002098176,
rmsnorm_fwd,"(1024, 512)",torch.float16,0.0020202300000000005,1038.5827356291113,0.002098176,
rmsnorm_fwd,"(1024, 1024)",torch.float32,0.0033050199999999923,2539.3806996629432,0.008392704,
rmsnorm_fwd,"(1024, 1024)",torch.bfloat16,0.0026013199999999977,1613.162548244739,0.004196352,
rmsnorm_fwd,"(1024, 1024)",torch.float16,0.0025280099999999872,1659.9428008591824,0.004196352,
rmsnorm_fwd,"(1024, 2048)",torch.float32,0.005271020000000008,3184.4705578806334,0.016785408,
rmsnorm_fwd,"(1024, 2048)",torch.bfloat16,0.0037545399999999608,2235.3481385203218,0.008392704,
rmsnorm_fwd,"(1024, 2048)",torch.float16,0.0035855500000000077,2340.70198435386,0.008392704,
rmsnorm_fwd,"(2048, 1024)",torch.float32,0.004753540000000003,3530.2768042343155,0.016781312,
rmsnorm_fwd,"(2048, 1024)",torch.bfloat16,0.0034739400000000165,2415.314023846111,0.008390656,
rmsnorm_fwd,"(2048, 1024)",torch.float16,0.003432650000000015,2444.3668885554785,0.008390656,
rmsnorm_fwd,"(2048, 2048)",torch.float32,0.007816980000000006,4293.553776522387,0.033562624,
rmsnorm_fwd,"(2048, 2048)",torch.bfloat16,0.004995850000000001,3359.0504118418276,0.016781312,
rmsnorm_fwd,"(2048, 2048)",torch.float16,0.004900220000000019,3424.603793299063,0.016781312,
rmsnorm_fwd,"(4096, 2048)",torch.float32,0.024251329999999967,2767.5618615556377,0.067117056,
rmsnorm_fwd,"(4096, 2048)",torch.bfloat16,0.007817520000000001,4292.733245325882,0.033558528,
rmsnorm_fwd,"(4096, 2048)",torch.float16,0.007705030000000013,4355.405235281361,0.033558528,
rmsnorm_fwd,"(4096, 4096)",torch.float32,0.04965835000000001,2703.152883654007,0.134234112,
rmsnorm_fwd,"(4096, 4096)",torch.bfloat16,0.026048580000000016,2576.6109323425676,0.067117056,
rmsnorm_fwd,"(4096, 4096)",torch.float16,0.02592928999999999,2588.4648596240013,0.067117056,
rmsnorm_fwd,"(8192, 1024)",torch.float32,0.023936399999999986,2803.8034123761317,0.06711296,
rmsnorm_fwd,"(8192, 1024)",torch.bfloat16,0.007859809999999995,4269.375468363742,0.03355648,
rmsnorm_fwd,"(8192, 1024)",torch.float16,0.007418510000000005,4523.344984370174,0.03355648,
rmsnorm_fwd,"(8192, 2048)",torch.float32,0.049332099999999976,2720.863697268109,0.13422592,
rmsnorm_fwd,"(8192, 2048)",torch.bfloat16,0.02564576000000001,2616.9222514754865,0.06711296,
rmsnorm_fwd,"(8192, 2048)",torch.float16,0.02543420000000001,2638.689638360946,0.06711296,
rmsnorm_fwd,"(8192, 4096)",torch.float32,0.09657213999999996,2779.806267107678,0.26845184,
rmsnorm_fwd,"(8192, 4096)",torch.bfloat16,0.05160446999999997,2601.0521956721977,0.13422592,
rmsnorm_fwd,"(8192, 4096)",torch.float16,0.05145783000000003,2608.464445546964,0.13422592,
rmsnorm_fwd,"(16384, 2048)",torch.float32,0.09579097000000002,2802.3899121180207,0.268443648,
rmsnorm_fwd,"(16384, 2048)",torch.bfloat16,0.05150449999999999,2606.021299109787,0.134221824,
rmsnorm_fwd,"(16384, 2048)",torch.float16,0.05121141999999998,2620.9354085475475,0.134221824,
rmsnorm_fwd,"(32768, 2048)",torch.float32,0.18722196999999993,2867.6073860348774,0.536879104,
rmsnorm_fwd,"(32768, 2048)",torch.bfloat16,0.09839847,2728.0866460626876,0.268439552,
rmsnorm_fwd,"(32768, 2048)",torch.float16,0.09808841000000004,2736.710198483184,0.268439552,
rmsnorm_fwd,"(4096, 7168)",torch.float32,0.08888794000000001,2642.762291487461,0.234909696,
rmsnorm_fwd,"(4096, 7168)",torch.bfloat16,0.08866323999999995,1324.729933171854,0.117454848,
rmsnorm_fwd,"(4096, 7168)",torch.float16,0.08860502999999996,1325.6002283391817,0.117454848,
rmsnorm_fwd,"(8192, 7168)",torch.float32,0.17001553999999997,2763.222232508864,0.46979072,
rmsnorm_fwd,"(8192, 7168)",torch.bfloat16,0.17217217999999998,1364.3049649484603,0.23489536,
rmsnorm_fwd,"(8192, 7168)",torch.float16,0.17206864000000013,1365.1259171921147,0.23489536,
rmsnorm_fwd,"(16384, 4096)",torch.float32,0.18922113,2837.3538198403107,0.536887296,
rmsnorm_fwd,"(16384, 4096)",torch.bfloat16,0.10079903999999999,2663.156791969447,0.268443648,
rmsnorm_fwd,"(16384, 4096)",torch.float16,0.10040278000000001,2673.6674821155348,0.268443648,
rmsnorm_fwd,"(16384, 7168)",torch.float32,0.3330697700000001,2820.8887525277355,0.939552768,
rmsnorm_fwd,"(16384, 7168)",torch.bfloat16,0.3358255199999999,1398.8704134218274,0.469776384,
rmsnorm_fwd,"(16384, 7168)",torch.float16,0.33554022,1400.0598318735083,0.469776384,
rmsnorm_bwd,"(128, 512)",torch.float32,0.005106879999999992,154.89692336612595,0.00079104,
rmsnorm_bwd,"(128, 512)",torch.bfloat16,0.0053664699999999834,73.74978337715504,0.000395776,
rmsnorm_bwd,"(128, 512)",torch.float16,0.0049674400000000035,79.67403733110007,0.000395776,
rmsnorm_bwd,"(256, 512)",torch.float32,0.00509156,309.92151717744656,0.001577984,
rmsnorm_bwd,"(256, 512)",torch.bfloat16,0.005396640000000024,146.29547273859225,0.000789504,
rmsnorm_bwd,"(256, 512)",torch.float16,0.0050819099999999656,155.35576190841738,0.000789504,
rmsnorm_bwd,"(64, 1024)",torch.float32,0.005016470000000024,158.45405235155323,0.00079488,
rmsnorm_bwd,"(64, 1024)",torch.bfloat16,0.00483586999999999,82.2123009923759,0.000397568,
rmsnorm_bwd,"(64, 1024)",torch.float16,0.0048579399999999235,81.83880410215158,0.000397568,
rmsnorm_bwd,"(128, 1024)",torch.float32,0.005022640000000007,314.88778809550314,0.001581568,
rmsnorm_bwd,"(128, 1024)",torch.bfloat16,0.004907470000000005,161.19100065818014,0.00079104,
rmsnorm_bwd,"(128, 1024)",torch.float16,0.004890039999999974,161.76554793007915,0.00079104,
rmsnorm_bwd,"(512, 512)",torch.float32,0.005292530000000006,595.5321934878019,0.003151872,
rmsnorm_bwd,"(512, 512)",torch.bfloat16,0.005474570000000008,288.05184699437547,0.00157696,
rmsnorm_bwd,"(512, 512)",torch.float16,0.005171160000000018,304.9528539051189,0.00157696,
rmsnorm_bwd,"(1024, 512)",torch.float32,0.005768889999999983,1092.003487672675,0.006299648,
rmsnorm_bwd,"(1024, 512)",torch.bfloat16,0.005759640000000015,547.2342021376322,0.003151872,
rmsnorm_bwd,"(1024, 512)",torch.float16,0.005394610000000057,584.2631812123522,0.003151872,
rmsnorm_bwd,"(1024, 1024)",torch.float32,0.006714480000000016,1875.8265718268535,0.0125952,
rmsnorm_bwd,"(1024, 1024)",torch.bfloat16,0.005569560000000023,1131.0853999238673,0.006299648,
rmsnorm_bwd,"(1024, 1024)",torch.float16,0.005593240000000001,1126.2967439265967,0.006299648,
rmsnorm_bwd,"(1024, 2048)",torch.float32,0.009907650000000013,2542.1067558906466,0.025186304,
rmsnorm_bwd,"(1024, 2048)",torch.bfloat16,0.009104940000000002,1383.3369577394246,0.0125952,
rmsnorm_bwd,"(1024, 2048)",torch.float16,0.00906561,1389.3383898049883,0.0125952,
rmsnorm_bwd,"(2048, 1024)",torch.float32,0.008552639999999999,2944.3783439967083,0.025182208,
rmsnorm_bwd,"(2048, 1024)",torch.bfloat16,0.006456719999999993,1950.7118165260401,0.0125952,
rmsnorm_bwd,"(2048, 1024)",torch.float16,0.006565839999999996,1918.2922520195445,0.0125952,
rmsnorm_bwd,"(2048, 2048)",torch.float32,0.022106150000000012,2277.928268830166,0.050356224,
rmsnorm_bwd,"(2048, 2048)",torch.bfloat16,0.011153849999999988,2257.714421477788,0.025182208,
rmsnorm_bwd,"(2048, 2048)",torch.float16,0.01101701,2285.7570248188936,0.025182208,
rmsnorm_bwd,"(4096, 2048)",torch.float32,0.04057552000000004,2481.694972732325,0.100696064,
rmsnorm_bwd,"(4096, 2048)",torch.bfloat16,0.02294009000000002,2195.118850885064,0.050356224,
rmsnorm_bwd,"(4096, 2048)",torch.float16,0.02309056999999999,2180.8133796610487,0.050356224,
rmsnorm_bwd,"(4096, 4096)",torch.float32,0.07710364999999997,2611.753710751697,0.201375744,
rmsnorm_bwd,"(4096, 4096)",torch.bfloat16,0.04106648000000005,2452.0256910258654,0.100696064,
rmsnorm_bwd,"(4096, 4096)",torch.float16,0.041269660000000014,2439.9538062586407,0.100696064,
rmsnorm_bwd,"(8192, 1024)",torch.float32,0.03880733000000003,2594.980278210326,0.100704256,
rmsnorm_bwd,"(8192, 1024)",torch.bfloat16,0.02093971,2405.4063785983662,0.050368512,
rmsnorm_bwd,"(8192, 1024)",torch.float16,0.021136930000000005,2382.9625210472846,0.050368512,
rmsnorm_bwd,"(8192, 2048)",torch.float32,0.07707884999999998,2612.594038442453,0.201375744,
rmsnorm_bwd,"(8192, 2048)",torch.bfloat16,0.04052060000000002,2485.260731578505,0.100704256,
rmsnorm_bwd,"(8192, 2048)",torch.float16,0.04040273,2492.511174368663,0.100704256,
rmsnorm_bwd,"(8192, 4096)",torch.float32,0.14515987999999994,2774.311469532767,0.40271872,
rmsnorm_bwd,"(8192, 4096)",torch.bfloat16,0.07377249000000002,2729.6861472345577,0.201375744,
rmsnorm_bwd,"(8192, 4096)",torch.float16,0.07408255999999998,2718.261140003802,0.201375744,
rmsnorm_bwd,"(16384, 2048)",torch.float32,0.1457804800000001,2762.613375947176,0.402735104,
rmsnorm_bwd,"(16384, 2048)",torch.bfloat16,0.07334499000000001,2745.931521703118,0.20140032,
rmsnorm_bwd,"(16384, 2048)",torch.float16,0.07325527,2749.294624127384,0.20140032,
rmsnorm_bwd,"(32768, 2048)",torch.float32,0.28098005000000004,2866.5872327946413,0.805453824,
rmsnorm_bwd,"(32768, 2048)",torch.bfloat16,0.14454804999999998,2786.5643846457983,0.402792448,
rmsnorm_bwd,"(32768, 2048)",torch.float16,0.14507015999999995,2776.5354915166577,0.402792448,
rmsnorm_bwd,"(4096, 7168)",torch.float32,0.18920957000000008,1862.460043643669,0.352395264,
rmsnorm_bwd,"(4096, 7168)",torch.bfloat16,0.13236065999999977,1331.2552536380547,0.176205824,
rmsnorm_bwd,"(4096, 7168)",torch.float16,0.13155882999999996,1339.3690412114495,0.176205824,
rmsnorm_bwd,"(8192, 7168)",torch.float32,0.3584455500000002,1966.0815540881997,0.704733184,
rmsnorm_bwd,"(8192, 7168)",torch.bfloat16,0.2380545899999999,1480.2612123546965,0.352382976,
rmsnorm_bwd,"(8192, 7168)",torch.float16,0.23734448000000002,1484.6899999528111,0.352382976,
rmsnorm_bwd,"(16384, 4096)",torch.float32,0.27994227,2877.03844081853,0.805404672,
rmsnorm_bwd,"(16384, 4096)",torch.bfloat16,0.14677618,2743.8723640307303,0.402735104,
rmsnorm_bwd,"(16384, 4096)",torch.float16,0.14680133999999997,2743.4020970108318,0.402735104,
rmsnorm_bwd,"(16384, 7168)",torch.float32,0.6897893600000005,2043.2455264314299,1.409409024,
rmsnorm_bwd,"(16384, 7168)",torch.bfloat16,0.4521166200000004,1558.7511027575129,0.70473728,
rmsnorm_bwd,"(16384, 7168)",torch.float16,0.45285768000000004,1556.2003497434337,0.70473728,
rmsnorm_bwd_add,"(128, 512)",torch.float32,0.004811480000000017,218.88982184275858,0.001053184,
rmsnorm_bwd_add,"(128, 512)",torch.bfloat16,0.005088309999999999,103.54086130758544,0.000526848,
rmsnorm_bwd_add,"(128, 512)",torch.float16,0.005018249999999986,104.98639964130952,0.000526848,
rmsnorm_bwd_add,"(256, 512)",torch.float32,0.004921210000000013,427.1859969397759,0.002102272,
rmsnorm_bwd_add,"(256, 512)",torch.bfloat16,0.005118059999999975,205.4778568441959,0.001051648,
rmsnorm_bwd_add,"(256, 512)",torch.float16,0.005104330000000007,206.03056620555463,0.001051648,
rmsnorm_bwd_add,"(64, 1024)",torch.float32,0.004651200000000014,227.25834193326384,0.001057024,
rmsnorm_bwd_add,"(64, 1024)",torch.bfloat16,0.004849289999999991,109.01389687974961,0.00052864,
rmsnorm_bwd_add,"(64, 1024)",torch.float16,0.004858330000000014,108.81105235749703,0.00052864,
rmsnorm_bwd_add,"(128, 1024)",torch.float32,0.004954280000000008,425.0579297092608,0.002105856,
rmsnorm_bwd_add,"(128, 1024)",torch.bfloat16,0.004985579999999997,211.24603356078944,0.001053184,
rmsnorm_bwd_add,"(128, 1024)",torch.float16,0.004993899999999993,210.89409079076503,0.001053184,
rmsnorm_bwd_add,"(512, 512)",torch.float32,0.00515077999999999,815.4974586373341,0.004200448,
rmsnorm_bwd_add,"(512, 512)",torch.bfloat16,0.0052778500000000145,398.1257519633931,0.002101248,
rmsnorm_bwd_add,"(512, 512)",torch.float16,0.005172790000000017,406.21173486648263,0.002101248,
rmsnorm_bwd_add,"(1024, 512)",torch.float32,0.005630749999999991,1491.2400657106093,0.0083968,
rmsnorm_bwd_add,"(1024, 512)",torch.bfloat16,0.0055247700000000104,760.2937316847564,0.004200448,
rmsnorm_bwd_add,"(1024, 512)",torch.float16,0.00550882000000001,762.4950533871124,0.004200448,
rmsnorm_bwd_add,"(1024, 1024)",torch.float32,0.0064057900000000015,2620.98882417313,0.016789504,
rmsnorm_bwd_add,"(1024, 1024)",torch.bfloat16,0.0059294899999999835,1416.1082993647046,0.0083968,
rmsnorm_bwd_add,"(1024, 1024)",torch.float16,0.005948729999999989,1411.5281749213723,0.0083968,
rmsnorm_bwd_add,"(1024, 2048)",torch.float32,0.01165121999999999,2881.6649243598545,0.033574912,
rmsnorm_bwd_add,"(1024, 2048)",torch.bfloat16,0.008849970000000004,1897.1255269791866,0.016789504,
rmsnorm_bwd_add,"(1024, 2048)",torch.float16,0.009184050000000008,1828.1154828207584,0.016789504,
rmsnorm_bwd_add,"(2048, 1024)",torch.float32,0.008645519999999967,3883.03028620605,0.033570816,
rmsnorm_bwd_add,"(2048, 1024)",torch.bfloat16,0.0068241999999999825,2460.288971601073,0.016789504,
rmsnorm_bwd_add,"(2048, 1024)",torch.float16,0.0068420000000000095,2453.888336743639,0.016789504,
rmsnorm_bwd_add,"(2048, 2048)",torch.float32,0.028208749999999994,2379.8800017725002,0.06713344,
rmsnorm_bwd_add,"(2048, 2048)",torch.bfloat16,0.012774180000000001,2628.021211537649,0.033570816,
rmsnorm_bwd_add,"(2048, 2048)",torch.float16,0.012690250000000009,2645.4022576387365,0.033570816,
rmsnorm_bwd_add,"(4096, 2048)",torch.float32,0.050730340000000006,2646.3551397447754,0.134250496,
rmsnorm_bwd_add,"(4096, 2048)",torch.bfloat16,0.02884929,2327.0395909223416,0.06713344,
rmsnorm_bwd_add,"(4096, 2048)",torch.float16,0.028949950000000016,2318.9483919661334,0.06713344,
rmsnorm_bwd_add,"(4096, 4096)",torch.float32,0.09367371999999992,2866.167885720779,0.268484608,
rmsnorm_bwd_add,"(4096, 4096)",torch.bfloat16,0.051664390000000046,2598.5111989128272,0.134250496,
rmsnorm_bwd_add,"(4096, 4096)",torch.float16,0.05213498999999998,2575.055562492676,0.134250496,
rmsnorm_bwd_add,"(8192, 1024)",torch.float32,0.04871722999999997,2755.8768838047663,0.134258688,
rmsnorm_bwd_add,"(8192, 1024)",torch.bfloat16,0.026975110000000004,2489.173463982167,0.067145728,
rmsnorm_bwd_add,"(8192, 1024)",torch.float16,0.027149389999999985,2473.194720028702,0.067145728,
rmsnorm_bwd_add,"(8192, 2048)",torch.float32,0.09443285000000003,2843.127238032104,0.268484608,
rmsnorm_bwd_add,"(8192, 2048)",torch.bfloat16,0.05077781999999995,2644.041985260496,0.134258688,
rmsnorm_bwd_add,"(8192, 2048)",torch.float16,0.05081488999999999,2642.113128651858,0.134258688,
rmsnorm_bwd_add,"(8192, 4096)",torch.float32,0.17993983000000008,2983.9777441159067,0.536936448,
rmsnorm_bwd_add,"(8192, 4096)",torch.bfloat16,0.09520803000000005,2819.978608947164,0.268484608,
rmsnorm_bwd_add,"(8192, 4096)",torch.float16,0.09555581999999997,2809.714866137929,0.268484608,
rmsnorm_bwd_add,"(16384, 2048)",torch.float32,0.18023524000000016,2979.177834478982,0.536952832,
rmsnorm_bwd_add,"(16384, 2048)",torch.bfloat16,0.09425340999999993,2848.800738349946,0.268509184,
rmsnorm_bwd_add,"(16384, 2048)",torch.float16,0.09465194999999986,2836.805623127684,0.268509184,
rmsnorm_bwd_add,"(32768, 2048)",torch.float32,0.3533655799999999,3039.0319283502376,1.07388928,
rmsnorm_bwd_add,"(32768, 2048)",torch.bfloat16,0.18144348999999993,2959.6552403175237,0.537010176,
rmsnorm_bwd_add,"(32768, 2048)",torch.float16,0.18137388999999998,2960.790971622211,0.537010176,
rmsnorm_bwd_add,"(4096, 7168)",torch.float32,0.33670874000000023,1395.3774291691973,0.469835776,
rmsnorm_bwd_add,"(4096, 7168)",torch.bfloat16,0.16880169999999997,1391.7281638751272,0.23492608,
rmsnorm_bwd_add,"(4096, 7168)",torch.float16,0.16832653000000003,1395.656881894969,0.23492608,
rmsnorm_bwd_add,"(8192, 7168)",torch.float32,0.6563739000000002,1431.5228073511144,0.939614208,
rmsnorm_bwd_add,"(8192, 7168)",torch.bfloat16,0.3144223700000003,1494.2431990446469,0.469823488,
rmsnorm_bwd_add,"(8192, 7168)",torch.float16,0.31446663000000036,1494.0328899126737,0.469823488,
rmsnorm_bwd_add,"(16384, 4096)",torch.float32,0.3517354799999999,3052.976424215153,1.073840128,
rmsnorm_bwd_add,"(16384, 4096)",torch.bfloat16,0.18144792000000012,2959.266945578652,0.536952832,
rmsnorm_bwd_add,"(16384, 4096)",torch.float16,0.1821512,2947.841309856866,0.536952832,
rmsnorm_bwd_add,"(16384, 7168)",torch.float32,1.2964358800000004,1449.4901760972548,1.879171072,
rmsnorm_bwd_add,"(16384, 7168)",torch.bfloat16,0.60379178,1556.1959190633565,0.939618304,
rmsnorm_bwd_add,"(16384, 7168)",torch.float16,0.60254387,1559.418908369278,0.939618304,
fused_attn_fwd,"(1, 512, 16, 128)",torch.bfloat16,0.011830050000000005,709.0931990989046,0.008388608,181.52785896931957
fused_attn_fwd,"(1, 512, 16, 128)",torch.float16,0.011845619999999963,708.1611599899395,0.008388608,181.2892569574245
fused_attn_fwd,"(1, 1024, 16, 128)",torch.bfloat16,0.018532390000000048,905.2915463143155,0.016777216,463.5092717129295
fused_attn_fwd,"(1, 1024, 16, 128)",torch.float16,0.018586159999999945,902.6725262238166,0.016777216,462.1683334265941
fused_attn_fwd,"(1, 2048, 16, 128)",torch.bfloat16,0.051136560000000046,656.1730394066392,0.033554432,671.9211923523985
fused_attn_fwd,"(1, 2048, 16, 128)",torch.float16,0.05145087999999997,652.1643944671116,0.033554432,667.8163399343223
fused_attn_fwd,"(2, 2048, 16, 128)",torch.bfloat16,0.08133689000000008,825.0729035742569,0.067108864,844.874653260039
fused_attn_fwd,"(2, 2048, 16, 128)",torch.float16,0.08206257999999993,817.776677262646,0.067108864,837.4033175169495
fused_attn_fwd,"(4, 2048, 16, 128)",torch.bfloat16,0.1409079800000001,952.5204179351653,0.134217728,975.3809079656091
fused_attn_fwd,"(4, 2048, 16, 128)",torch.float16,0.1421892100000001,943.9375041186313,0.134217728,966.5920042174783
fused_attn_fwd,"(8, 2048, 16, 128)",torch.bfloat16,0.25618828000000016,1047.8053718928902,0.268435456,1072.9527008183193
fused_attn_fwd,"(8, 2048, 16, 128)",torch.float16,0.2640949099999996,1016.4355534152489,0.268435456,1040.830006697215
fused_attn_fwd,"(1, 4096, 16, 128)",torch.bfloat16,0.1489258300000001,450.6193720726617,0.067108864,922.868474004811
fused_attn_fwd,"(1, 4096, 16, 128)",torch.float16,0.14995487999999998,447.52704280114136,0.067108864,916.5353836567374
fused_attn_fwd,"(2, 4096, 16, 128)",torch.bfloat16,0.25589043000000006,524.5124954458046,0.134217728,1074.2015906730078
fused_attn_fwd,"(2, 4096, 16, 128)",torch.float16,0.2594123200000002,517.3914947447365,0.134217728,1059.6177812372205
fused_attn_fwd,"(1, 1024, 32, 128)",torch.bfloat16,0.031080040000000007,1079.613539750914,0.033554432,552.7621323524679
fused_attn_fwd,"(1, 1024, 32, 128)",torch.float16,0.03108847999999996,1079.3204428135455,0.033554432,552.6120667205352
fused_attn_fwd,"(4, 1024, 32, 128)",torch.bfloat16,0.0830104500000001,1616.877489520896,0.134217728,827.8412746346986
fused_attn_fwd,"(4, 1024, 32, 128)",torch.float16,0.08417285999999985,1594.548741720315,0.134217728,816.4089557608014
fused_attn_fwd,"(8, 1024, 32, 128)",torch.bfloat16,0.15032806999999995,1785.664220926937,0.268435456,914.2600811145918
fused_attn_fwd,"(8, 1024, 32, 128)",torch.float16,0.1539916699999999,1743.1816669044515,0.268435456,892.509013455079
fused_attn_fwd,"(4, 8192, 16, 128)",torch.bfloat16,1.8878775599999986,284.37803561794567,0.536870912,1164.8124338911055
fused_attn_fwd,"(4, 8192, 16, 128)",torch.float16,1.9258809499999987,278.76640661511317,0.536870912,1141.8272014955035
fused_attn_fwd,"(1, 4096, 64, 192, 128)",torch.bfloat16,0.6133225499999999,547.0927491578453,0.33554432,1120.4459502752673
fused_attn_fwd,"(1, 4096, 64, 192, 128)",torch.float16,0.6304415900000004,532.23696742469,0.33554432,1090.021309285765
fused_attn_fwd,"(1, 4096, 64, 128, 128)",torch.bfloat16,0.4868267899999996,551.398282744465,0.268435456,1129.263683060664
fused_attn_fwd,"(1, 4096, 64, 128, 128)",torch.float16,0.49817281000000024,538.8400382590128,0.268435456,1103.544398354458
fused_attn_fwd,"(1, 4096, 32, 128, 128)",torch.bfloat16,0.25537543999999995,525.570227113461,0.134217728,1076.3678251283682
fused_attn_fwd,"(1, 4096, 32, 128, 128)",torch.float16,0.2596774800000001,516.863179664251,0.134217728,1058.535791952386
fused_attn_bwd,"(1, 512, 16, 128)",torch.bfloat16,0.03265187999999996,513.8208274684342,0.016777216,131.53813183191917
fused_attn_bwd,"(1, 512, 16, 128)",torch.float16,0.032451840000000044,516.9881276377542,0.016777216,132.3489606752651
fused_attn_bwd,"(1, 1024, 16, 128)",torch.bfloat16,0.058974959999999986,568.9606572009546,0.033554432,291.30785648688874
fused_attn_bwd,"(1, 1024, 16, 128)",torch.float16,0.058690400000000045,571.7192590270296,0.033554432,292.72026062183915
fused_attn_bwd,"(1, 2048, 16, 128)",torch.bfloat16,0.16407952000000026,409.0020741162572,0.067108864,418.81812389504734
fused_attn_bwd,"(1, 2048, 16, 128)",torch.float16,0.16315695000000002,411.3147739032876,0.067108864,421.1863284769664
fused_attn_bwd,"(2, 2048, 16, 128)",torch.bfloat16,0.26898477999999976,498.97889389875564,0.134217728,510.95438735232574
fused_attn_bwd,"(2, 2048, 16, 128)",torch.float16,0.27008921000000025,496.93850413350424,0.134217728,508.8650282327083
fused_attn_bwd,"(4, 2048, 16, 128)",torch.bfloat16,0.47050274999999986,570.5289841557783,0.268435456,584.2216797755169
fused_attn_bwd,"(4, 2048, 16, 128)",torch.float16,0.47425492000000036,566.015121150456,0.268435456,579.5994840580669
fused_attn_bwd,"(8, 2048, 16, 128)",torch.bfloat16,0.8874487000000013,604.9599396562294,0.536870912,619.4789782079789
fused_attn_bwd,"(8, 2048, 16, 128)",torch.float16,0.8921299499999996,601.785549291334,0.536870912,616.2284024743259
fused_attn_bwd,"(1, 4096, 16, 128)",torch.bfloat16,0.4482246100000001,299.4430136265833,0.134217728,613.2592919072426
fused_attn_bwd,"(1, 4096, 16, 128)",torch.float16,0.45146096,297.29642182128,0.134217728,608.8630718899814
fused_attn_bwd,"(2, 4096, 16, 128)",torch.bfloat16,0.8062050499999988,332.96176450395643,0.268435456,681.9056937041028
fused_attn_bwd,"(2, 4096, 16, 128)",torch.float16,0.8011608199999993,335.0581422591288,0.268435456,686.1990753466956
fused_attn_bwd,"(1, 1024, 32, 128)",torch.bfloat16,0.10595905000000004,633.3471657210968,0.067108864,324.2737488492016
fused_attn_bwd,"(1, 1024, 32, 128)",torch.float16,0.10512481,638.3732251216436,0.067108864,326.8470912622815
fused_attn_bwd,"(4, 1024, 32, 128)",torch.bfloat16,0.3186644099999996,842.3766431902462,0.268435456,431.29684131340605
fused_attn_bwd,"(4, 1024, 32, 128)",torch.float16,0.31867355000000036,842.3524826581928,0.268435456,431.2844711209947
fused_attn_bwd,"(8, 1024, 32, 128)",torch.bfloat16,0.5920823900000004,906.7503460118105,0.536870912,464.2561771580469
fused_attn_bwd,"(8, 1024, 32, 128)",torch.float16,0.5951089699999996,902.1388334980069,0.536870912,461.8950827509795
fused_attn_bwd,"(4, 8192, 16, 128)",torch.bfloat16,5.5017303600000025,195.16438533712503,1.073741824,799.393322340864
fused_attn_bwd,"(4, 8192, 16, 128)",torch.float16,5.809661500000001,184.82003194162002,1.073741824,757.0228508328755
fused_attn_bwd,"(1, 4096, 64, 192, 128)",torch.bfloat16,2.1706717899999983,309.16172730102164,0.67108864,633.1632175124922
fused_attn_bwd,"(1, 4096, 64, 192, 128)",torch.float16,2.208662249999999,303.8439399233633,0.67108864,622.272388963048
fused_attn_bwd,"(1, 4096, 64, 128, 128)",torch.bfloat16,1.5428328499999986,347.97736643992283,0.536870912,712.657646468962
fused_attn_bwd,"(1, 4096, 64, 128, 128)",torch.float16,1.5745143100000019,340.97556852309543,0.536870912,698.3179643352995
fused_attn_bwd,"(1, 4096, 32, 128, 128)",torch.bfloat16,0.8039130999999995,333.9110359067419,0.268435456,683.8498015370074
fused_attn_bwd,"(1, 4096, 32, 128, 128)",torch.float16,0.8041876400000005,333.7970426901859,0.268435456,683.6163434295006
